Name,Medium,Type,Title,Author,Editor,Translator,Publisher,Year,Language,Genre,Identifying Number,Accession Number,Donor,Notes,image,360_image
PASCAL for the Humanities,Printed Matter,Book,PASCAL for the Humanities,Nancy M. Ide,,,U of Pennsylvania P,1987,English,PASCAL--Computer Program Language,ISBN 0-8122-1242-8,,,,,
The Osborne/McGraw-Hill Guide to Your Apple III,Printed Matter,Book,The Osborne/McGraw-Hill Guide to Your Apple III,Stanley M. Miastkowski,,,Osborne/McGraw-Hill,1983,English,Apple III (Computer)--Guide,ISBN 0-88134-101-0,2013.07.376,Keith Moore,,,
Osborne CP/M User Guide,Printed Matter,Book,Osborne CP/M User Guide,Thom Hogan,,,Osborne/McGraw-Hill,1982,English,CP/M--User Guide,ISBN 0-931988-81-0,2013.07.379,Keith Moore,Special Microsoft Softcard Edition for Apple II and Apple III owners.,,
PCs Made Easy,Printed Matter,Book,PCs Made Easy,James L. Turley,,,Osborne McGraw-Hill,1989,English,PCs--Educational,ISBN 0-078-81477-4,2013.07.387,Keith Moore,,,
Danny Goodman’s JavaScript Handbook,Printed Matter,Book,Danny Goodman’s JavaScript Handbook,Danny Goodman,,,IDG Books Worldwide,1996,English,Programming--JavaScript,ISBN 0-7645-3003-8,2013.07.550,,Bonus CD-ROM included.,,
Computer Programs for Literary Analysis,Printed Matter,Book,Computer Programs for Literary Analysis,John R. Abercrombie,,,U of Pennsylvania P,1984,English,Discourse Analysis--Data Processing,ISBN 0-8122-1177-4,2013.07.554,,2013.07.676.,,
Core Memory: A Visual Survey of Vintage Computers,Printed Matter,Book,A Visual Survey of Vintage Computers,John Alderman,,,Chronicle Books,2007,English,Photography / History of Computers,ISBN 0-8118-5442-6,2013.07.555,,Photographs by Mark Richards. Featuring Machines from the Computer History Museum.,,
Advances in Computer-aided Literary and Linguistic Research,Printed Matter,Book,Advances in Computer-aided Literary and Linguistic Research,,"D. E. Ager, F. E. Knowles, and Joan Smith",,The University of Aston in Birmingham,1979,English,Linguistics--Data Processing,ISBN 0-903807-64-5,2013.07.556,,2013.12.95.,,
Computer Wimp: 166 Things I Wish I Had Known Before I Bought My First Computer!,Printed Matter,Book,166 Things I Wish I Had Known Before I Bought My First Computer!,John Bear,,,Ten Speed Press,1983,English,Educational,ISBN 0-89815-101-5,2013.07.557,,,,
Turing’s Man: Western Culture in the Computer Age,Printed Matter,Book,Western Culture in the Computer Age,J. David Bolter,,,Gerald Duckworth & Co.,1984,English,Computers and Civilization,ISBN 0-7156-1917-9,2013.07.558,,,,
Artificial Intelligence and Natural Man,Printed Matter,Book,Artificial Intelligence and Natural Man,Margaret Boden,,,Basic Books,1977,English,Artificial Intelligence,ISBN 0-465-00450-4,2013.07.559,,,,
The Computer Age: A Twenty-Year View,Printed Matter,Book,A Twenty-Year View,,Dertouzos and Moses,,The MIT Press,1979,English,Computers and Civilization,ISBN 0-262-04055-7,2013.07.560,,,,
"Computing in the Humanities: Papers from the Fifth International Conference on Computing in the Humanities, Ann Arbor, Michigan, May 1981",Printed Matter,Book,"Papers from the Fifth International Conference on Computing in the Humanities, Ann Arbor, Michigan, May 1981",,Richard W. Bailey,,North-Holland Publishing Company,1982,English,Humanities--Data Processing,ISBN 0-444-86423-7,2013.07.561,,,,
Being Human in a Technological Age,Printed Matter,Book,Being Human in a Technological Age,,Donald M. Borchert and David Stewart,,Ohio University Press,1982,English,Humanism / Science and Civilization,ISBN 0-8214-0427-X,2013.07.562,,,,
Computers in Linguistics,Printed Matter,Book,Computers in Linguistics,Christopher Butler,,,Basil Blackwell,1985,English,Linguistics--Data Processing,ISBN 0-631-14267-3,2013.07.563,,,,
Information in the Language Sciences,Printed Matter,Book,Information in the Language Sciences,,"Robert R. Freeman, Alfred Pietrzyk, and A. Hood Roberts",,American Elsevier Publishing Company,1968,English,Linguistics--Data Processing,ISBN 444-00036-4,2013.07.564,,Mathematical Linguistics and Automatic Language Processing.,,
A SNOBOL4 Primer,Printed Matter,Book,A SNOBOL4 Primer,Ralph E. Griswold and Madge T. Griswold,,,Prentice-Hall,1973,English,Programming--SNOBOL,ISBN 0-13-815381-7,2013.07.565,,,,
Lexicography in the Electronic Age,Printed Matter,Book,Lexicography in the Electronic Age,,J. Goetschalckx and L. Rolling,,North-Holland Publishing Company,1982,English,General (Lexicography--Data Processing),ISBN 0-444-86404-0,2013.07.566,,"Proceedings of a Symposium held in Luxembourg, 7-9 July, 1981.",,
Snobol: Programming for the Humanities,Printed Matter,Book,Programming for the Humanities,Susan Hockey,,,Clarendon Press,1985,English,Programming--SNOBOL,ISBN 0-19-824676-5,2013.07.567,,,,
A Guide to Computer Applications in the Humanities,Printed Matter,Book,A Guide to Computer Applications in the Humanities,Susan Hockey,,,Gerald Duckworth & Co.,1980,English,Humanities--Data Processing,ISBN 0-7156-1315-4,2013.07.568,Aaron Kuhn,2013.08.13.,,
"Composing Cyberspace: Identity, Community, and Knowledge in the Electronic Age",Printed Matter,Book,"Identity, Community, and Knowledge in the Electronic Age",Richard Holeton,,,McGraw-Hill,1998,English,Computer Networks--Social Aspects,ISBN 0-07-029548-4,2013.07.569,,,,
Learning to Program,Printed Matter,Book,Learning to Program,Howard Johnston,,,Prentice-Hall International,1985,English,Programming,ISBN 0-13-527754,2013.07.571,,,,
Computational Analysis of Present-Day American English,Printed Matter,Book,Computational Analysis of Present-Day American English,Henry Kucera and W. Nelson Francis,,,Brown University Press,1970,English,Linguistics--Data Processing,ISBN 0-87057-105-2,2013.07.572,,,,
Practical Experience of Machine Translation,Printed Matter,Book,Practical Experience of Machine Translation,,Veronica Lawson,,North-Holland,1982,English,Linguistics--Data Processing,ISBN 0-444-86381-8,2013.07.573,,"Proceedings of a Conference, London, 5-6 November 1981.",,
The Technological Imagination: Theories and Fictions,Printed Matter,Book,Theories and Fictions,,"Teresa de Lauretis, Andreas Huyssen, and Kathleen Woodward",,Coda Press,1980,English,Technology and Civilization,ISBN 0-930956-11-7,2013.07.574,,,,
Hackers: Heroes of the Computer Revolution,Printed Matter,Book,Heroes of the Computer Revolution,Steven Levy,,,Anchor Press/Doubleday,1984,English,Computers--Programming--History,ISBN 0-385-19195-2,2013.07.575,,,,
"Vintage Games: An Insider Look at the History of Grand Theft Auto, Super Mario, and the Most Influential Games of All Time",Printed Matter,Book,"An Insider Look at the History of Grand Theft Auto, Super Mario, and the Most Influential Games of All Time",Bill Loguidice and Matt Barton,,,Focal Press,2009,English,Video Games--History,ISBN 978-0-240-81146-8,2013.07.576,,,,
Computer Literacy: The Basic Concepts and Language,Printed Matter,Book,The Basic Concepts and Language,John V. Lombardi,,,Indiana University Press,1983,English,Computer Literacy,ISBN 0-253-21075-5,2013.07.577,,,,
Les Machines Dans la Linguistique,Printed Matter,Book,Les Machines Dans la Linguistique,,Erich Mater and Jitka Stindlova,,Academia,1968,French,Linguistics--Data Processing,,2013.07.578,Aaron Kuhn,Conference proceedings.,,
Machines Who Think,Printed Matter,Book,Machines Who Think,Pamela McCorduck,,,W. H. Freeman and Company,1979,English,Artificial Intelligence--History,ISBN 0-7167-1135-4,2013.07.579,,,,
The Personal Computer Book,Printed Matter,Book,The Personal Computer Book,Peter A. McWilliams,,,Prelude Press,1982,English,Computer Literacy,ISBN 345-31106-X,2013.07.580,,,,
The Computation of Style: An Introduction to Statistics for Students of Literature and Humanities,Printed Matter,Book,An Introduction to Statistics for Students of Literature and Humanities,Anthony Kenny,,,Pergamon Press,1982,English,English Literature--Style / Electronic Digital Computers,ISBN 0-08-024281-2,2013.07.581,,,,
The Word Processing Book: A Short Course in Computer Literacy,Printed Matter,Book,A Short Course in Computer Literacy,Peter A. McWilliams,,,Prelude Press,1983,English,Computer Literacy,ISBN 345-31105-1,2013.07.582,,,,
Machine Translation: Theoretical and Methodological Issues,Printed Matter,Book,Theoretical and Methodological Issues,,Sergei Nirenburg,,Cambridge University Press,1987,English,Machine Translating,ISBN 0-521-33696-1,2013.07.583,,,,
Computer Methods for Literary Research,Printed Matter,Book,Computer Methods for Literary Research,Robert L. Oakman,,,University of South Carolina Press,1980,English,Literary Research--Data Processing,ISBN 0-87249-381-4,2013.07.584,,2013.07.585.,,
Hierarchy Theory: The Challenge of Complex Systems,Printed Matter,Book,The Challenge of Complex Systems,,Howard H. Pattee,,Doubleday,1973,English,Systems Theory,Standard Book Number 0-8076-0673-1,2013.07.586,,,,
Computing in the Humanities,Printed Matter,Book,Computing in the Humanities,,Peter C. Patton and Renee A. Holoien,,LexingtonBooks,1981,English,Humanities--Data Processing,ISBN 0-669-03397-9,2013.07.587,,,,
The Scholar’s Personal Computing Handbook: A Practical Guide,Printed Matter,Book,A Practical Guide,Bryan Pfaffenberger,,,"Little, Brown and Company",1986,English,Microcomputers,ISBN 0-316-70401-6,2013.07.588,,,,
Data Bases in the Humanities and Social Sciences,Printed Matter,Book,Data Bases in the Humanities and Social Sciences,,Joseph Raben and Gregory Marks,,North-Holland Publishing Company,1980,English,Humanities--Data Processing,ISBN 0-444-85499-1,2013.07.589,,"Proceedings of the IFIP Working Conference on Data Bases in the Humanities and Social Sciences, Dartmouth College, Hanover, NH, 23-24 August, 1979",,
Computers and Literature: A Practical Guide,Printed Matter,Book,A Practical Guide,B.H. Rudall and T.N Corns,,,Abacus Press,1987,English,Educational,ISBN 0-85626-340-0,2013.07.590,,2013.07.591.,,
"Things the Manual Never Told You: Tips, Techniques, and Shortcuts from the Nation’s Largest User Group - IBM PC Edition",Printed Matter,Book,"Tips, Techniques, and Shortcuts from the Nation’s Largest User Group - IBM PC Edition",The Boston Computer Society,Jack McGrath,,Addison-Wesley,1987,English,IBM Personal Computer,ISBN 0-201-10706-6,2013.07.592,Aaron Kuhn,,,
HyperCard QuickStart: A Graphics Approach,Printed Matter,Book,A Graphics Approach,Richard Maran,,,Que Corporation,1988,English,HyperCard (Program)--Guide,ISBN 0-88022-350-2,2013.07.593,Aaron Kuhn,,,
Basic APPLE BASIC,Printed Matter,Book,Basic APPLE BASIC,James S. Coan,,,Hayden Book Company,1982,English,Apple II (Computer)--Programming,ISBN 0-8104-5625-5,2013.07.594,Aaron Kuhn,,,
Macmillan Complete Computer Buyer’s Checklist,Printed Matter,Book,All the Questions You Need to Ask When Buying Computer Equipment. Save Time and Money in Your Computer Purchases.,Howard Hillman,,,Macmillan,1984,English,Microcomputers--Purchasing,ISBN 0-02-008260-6,2013.07.598,Aaron Kuhn,,,
IBM BASIC: From the Ground Up,Printed Matter,Book,From the Ground Up,David E. Simon,,,Hayden Book Company,1987,English,BASIC--Programming,ISBN 0-8104-6350-4,2013.07.599,Aaron Kuhn,,,
Heath/Zenith Z-100 User’s Guide,Printed Matter,Book,Heath/Zenith Z-100 User’s Guide,Hugh Kenner,,,Brady Communications Company,1984,English,Zenith Z-100 (Computer),ISBN 0-89303-516-5,2013.07.601,,,,
Computers and Human Language,Printed Matter,Book,Computers and Human Language,George W. Smith,,,Oxford UP,1991,English,Computers,ISBN 0-19-506282-5,2013.07.602,,,,
Translating and the Computer,Printed Matter,Book,Translating and the Computer,,Barbara M. Snell,,North-Holland,1979,English,Machine Translating,ISBN 0-444-85302-2,2013.07.603,,"Proceedings of a Seminar, London, 14th November, 1978.",,
IBM: Colossus in Transition,Printed Matter,Book,Colossus in Transition,Robert Sobel,,,Sidgwick & Jackson Limited,1981,English,IBM--History,ISBN 0-283-99145-3,2013.07.604,,,,
"Text Processing: Algorithms, Languages, and Applications",Printed Matter,Book,"Algorithms, Languages, and Applications","Allen B. Tucker, Jr.",,,Academic Press,1979,English,Linguistics--Data Processing,ISBN 0-12-702550-2,2013.07.605,,,,
The Second Self: Computers and the Human Spirit,Printed Matter,Book,Computers and the Human Spirit,Sherry Turkle,,,Simon and Schuster,1984,English,Computers--Psychological Aspects,ISBN 0-671-46848-0,2013.07.606,,,,
Scientific Analysis on the Pocket Calculator,Printed Matter,Book,Scientific Analysis on the Pocket Calculator,Jon M. Smith,,,John Wiley & Sons,1975,English,Calculating-Machines,ISBN 0-471-79997-1,2013.07.607,,,,
The General Inquirer: A Computer Approach to Content Analysis,Printed Matter,Book,A Computer Approach to Content Analysis,"Philip J. Stone, Dexter C. Dunphy, Marshall S. Smith, and Daniel M. Ogilvie",,,The M.I.T. Press,1967,English,Content Analysis,Library of Congress Catalog Card Number 66-22641,2013.07.608,,,,
The Computer in Literary and Linguistic Research: Papers from a Cambridge Symposium,Printed Matter,Book,Papers from a Cambridge Symposium,,R. A. Wisbey,,Cambridge UP,1971,English,Computers--Literature and Linguistics,0-521-08146-7,2013.07.609,Aaron Kuhn,2013.08.15.,,
The Myths of Information: Technology and Postindustrial Culture,Printed Matter,Book,Technology and Postindustrial Culture,,Kathleen Woodward,,Coda Press,1980,English,Technology and Civilization,ISBN 0-930956-12-5,2013.07.610,,,,
Science and Literature: New Lenses for Criticism,Printed Matter,Book,New Lenses for Criticism,,Edward M. Jennings,,Doubleday Anchor,1970,English,Literary Criticism,Library of Congress Catalog Card Number 70-123717,2013.07.611,,,,
Computers,Printed Matter,Book,Computers,Stanley L. Englebardt,,,Pyramid Publications,1962,English,Computers,,2013.07.612,,,,
BASIC for Beginners,Printed Matter,Book,BASIC for Beginners,Wilson Y. Gateley and Gary G. Bitter,,,McGraw-Hill,1970,English,BASIC--Programming,Library of Congress Catalog Card Number 70-121660,2013.07.613,,,,
"Travels in Computerland: or, Incompatibilities and Interfaces",Printed Matter,Book,"or, Incompatibilities and Interfaces","Ben Ross Schneider, Jr.",,,Addison-Wesley,1974,English,Computers--Databases,ISBN 0-201-06737-4,2013.07.614,,,,
Apple II Assembly Language,Printed Matter,Book,Apple II Assembly Language,Marvin L. De Jong,,,Howard W. Sams & Co.,1983,English,Programming Guide,ISBN 0-672-21894-1,2013.07.615,,,,
Transparency Masters to Accompany Developing Computer Skills Using AppleWorks,Printed Matter,Book,Transparency Masters to Accompany Developing Computer Skills Using AppleWorks,Mickey Settle and Michel Boillot,,,West Publishing Company,1991,English,Transparency Sheets,ISBN 0-314-72628-4,2013.07.628,,Unbound sheets (transparency masters) in clear plastic wrapping (partially open).,,
What’s Where in the APPLE: A Complete Guide to the Apple Computer,Printed Matter,Book,A Complete Guide to the Apple Computer,William F. Luebbert,,,Micro Ink,1982,English,Apple Computer--Guide,ISBN 0-938222-09-0,2013.07.629,,,,
Exploring Macintosh: Concepts in Visually Oriented Computing,Printed Matter,Book,Concepts in Visually Oriented Computing,"Ken Abernethy, T. Ray Nanney, and Hayden Porter",,,John Wiley & Sons,1989,English,Macintosh (Computer)--Programming,ISBN 0-471-61772-5,2013.07.632,,,,
Score! Beating the Top 16 Video Games,Printed Matter,Book,Beating the Top 16 Video Games,Ken Uston,,,Signet,1982,English,Video Games--Strategy,ISBN 0-451-11813-8,2013.07.640,,,,
EDUNET: Report of the Summer Study on Information Networks Conducted by the Interuniversity Communications Council (EDUCOM),Printed Matter,Book,Report of the Summer Study on Information Networks Conducted by the Interuniversity Communications Council (EDUCOM),"George W. Brown, James G. Miller, and Thomas A. Keenan",,,John Wiley & Sons,1967,English,Information Sciences,Library of Congress Catalog Card Number 67-21328,2013.07.648,Aaron Kuhn,,,
Information,Printed Matter,Book,Information,,"Dennis Flanagan, et al.",,W. H. Freeman and Company,1966,English,Science--Technical,Library of Congress Catalog Card Number 66-29386,2013.07.649,,,,
Introduction to Computers and Programming,Printed Matter,Book,Introduction to Computers and Programming,Jessica Hellwig,,,Columbia UP,1970,English,Computers--Programming,ISBN 0-231-03263-3,2013.07.651,Aaron Kuhn,,,
Computer-Aided Instruction in the Humanities,Printed Matter,Book,Computer-Aided Instruction in the Humanities,,Solveig Olsen,,The Modern Language Association of America,1985,English,Educational,ISBN 0-87352-553-1,2013.07.655,Aaron Kuhn,2013.08.14.,,
Literary Concordances: A Complete Handbook for the Preparation of Manual and Computer Concordances,Printed Matter,Book,A Complete Handbook for the Preparation of Manual and Computer Concordances,T. H. Howard-Hill,,,Pergamon Press,1979,English,Concordances--Data Processing,ISBN 0-08-023021-0,2013.07.656,Aaron Kuhn,,,
The Humanities Computing Yearbook - 1988,Printed Matter,Book,The Humanities Computing Yearbook - 1988,,Ian Lancashire and Willard McCarty,,Clarendon Press,1988,English,Humanities,ISBN 0-19-824442-8,2013.07.658,Aaron Kuhn,,,
Scholarly Editing in the Computer Age: Theory and Practice,Printed Matter,Book,Theory and Practice,Peter L. Shillingsburg,,,University of Georgia Press,1986,English,Editing,ISBN 0-8203-0889-7,2013.07.659,Aaron Kuhn,,,
Computing in the Web Age: A Web-Interactive Introduction,Printed Matter,Book,A Web-Interactive Introduction,Robert J. Dilligan,,,Plenum Press,1998,English,Educational,ISBN 0-306-45972-8,2013.07.660,Aaron Kuhn,,,
Computers for Everybody,Printed Matter,Book,Computers for Everybody,Jerry Willis and Merl Miller,,,Dilithium Press,1983,English,Educational,ISBN 0-88056-094-0,2013.07.661,Aaron Kuhn,,,
Software Reflected: The Socially Responsible Programming of Our Computers,Printed Matter,Book,The Socially Responsible Programming of Our Computers,Robert L. Baber,,,North-Holland Publishing Company,1982,English,Programming,ISBN 0-444-86372-9,2013.07.662,Aaron Kuhn,,,
Computers and Common Sense: The Myth of Thinking Machines,Printed Matter,Book,The Myth of Thinking Machines,Mortimer Taube,,,Columbia UP,1962,English,Computers,Library of Congress Catalog Card Number 61-17079,2013.07.663,Aaron Kuhn,,,
PET/CBM Personal Computer Guide,Printed Matter,Book,PET/CBM Personal Computer Guide,Adam Osborne and Carroll S. Donahue,,,Osborne/McGraw-Hill,1980,English,CBM Computers--Guide,ISBN 0-931988-55-1,2013.07.679,,Second Edition,,
The Complete HyperCard Handbook,Printed Matter,Book,The Complete HyperCard Handbook,Danny Goodman,,,Bantam Books,1988,English,HyperCard (Program)--Guide,ISBN 0-553-34577-X,2013.07.683,Miekal And,"2014.1.115, 2014.1.116.",,
Your First Business Computer,Printed Matter,Book,Your First Business Computer,Peter Luedtke and Rainer Luedtke,,,Digital Press,1983,English,Educational,ISBN 0-932376-27-4,2013.07.687,,,,
Mystery Mile,Printed Matter,Book,Mystery Mile,Margery Allingham,,,MacFadden Books,1963,English,Fiction,,2013.07.689,Aaron Kuhn,,,
Computer Power and Human Reason: From Judgment to Calculation,Printed Matter,Book,From Judgment to Calculation,Joseph Weizenbaum,,,W.H. Freeman and Company,1976,English,Computers,ISBN 0-7167-0463-3,2013.07.690,Aaron Kuhn,,,
Kids and the Commodore 64,Printed Matter,Book,Kids and the Commodore 64,Edward H. Carlson,,,DATAMOST,1983,English,Commodore 64 (Computer)--Children's Guide,ISBN 0-88190-172-5,2013.07.692,,,,
Amiga Machine Language: A Practical Guide to Learning 68000 Assembler Language on the Amiga,Printed Matter,Book,A Practical Guide to Learning 68000 Assembler Language on the Amiga,Dittrich,,,Abacus,1988,English,Amiga Machine Language--Programming,ISBN 1-55755-025-5,2013.07.693,,,,
"The Amiga: Images, Sounds, and Animation on the Commodore Amiga",Printed Matter,Book,"Images, Sounds, and Animation on the Commodore Amiga",Michael Boom,,,Microsoft Press,1986, English,Amiga (Computer)--Programming,ISBN 0-914845-62-4,2013.07.696,,,,
The ABC’s of Windows 3.1,Printed Matter,Book,The ABC’s of Windows 3.1,Alan R. Neibaeur,,,SYBEX,1992,English,Windows OS--Reference Guide,ISBN 0-89588-839-4,2013.07.729,Aaron Kuhn,,,
Memory and Storage (Understanding Computers),Printed Matter,Book,Memory and Storage (Understanding Computers),,"Lee Hassig, et al.",,Time-Life Books,1987,English,Educational,ISBN 0-8094-5683-4,2013.07.816,Aaron Kuhn,,,
Atari BASIC,Printed Matter,Book,Atari BASIC,"Bob Albrecht, Le Roy Finkel, and Jerald R. Brown",,,John Wiley & Sons,1979,English,Atari 400 (Computer)--Programming,ISBN 0-471-06496-3,2013.07.829,Timothy P. Sweeney,Photocopied pages in white binder.,,
The Silicon Idol: The Micro Revolution and Its Social Implications,Printed Matter,Book,The Micro Revolution and Its Social Implications,Michael Shallis,,,Oxford UP,1984,English,Computers and Civilization,ISBN 0-19-215877-5,2013.08.12,Aaron Kuhn,,,
LOGO,Printed Matter,Book,LOGO,Harold Abelson,,,MIT,1981,English,,,2013.10.37,Brad Feld,Book Draft,,
BASIC for the Apple II: Programming and Applications,Printed Matter,Book,Programming and Applications,Larry Joel Goldstein and Martin Goldstein,,,Robert J. Brady Co.,1982,English,Apple II (Computer)--Programming,ISBN 0-89303-189-5,2013.10.63,Brad Feld,,,
6502: Assembly Language Subroutines,Printed Matter,Book,Assembly Language Subroutines,Lance A. Leventhal and Winthrop Saville,,,Osborne/McGraw-Hill,1982,English,Programming Guide,ISBN 0-931988-59-4,2013.10.65,Brad Feld,,,
Apple BASIC: Data File Programming,Printed Matter,Book,Data File Programming,LeRoy Finkel and Jerald R. Brown,,,John Wiley & Sons,1982,English,BASIC (Computer Program Language),ISBN 0-471-09157-X,2013.10.67,Brad Feld,2013.07.715.,,
Microcomputer: Problem Solving Using PASCAL,Printed Matter,Book,Problem Solving Using PASCAL,Kenneth L. Bowles,,,Springler-Verland (New York),1977, English,Instructional,0-387-90286-4,2013.10.69,Brad Feld,,,
PASCAL User Manual and Report,Printed Matter,Book,PASCAL User Manual and Report,Kathleen Jensen and Niklaus Wirth,,,Springer-Verlag,1978,English,PASCAL (Computer Programming Language),ISBN 0-387-90144-2,2013.10.70,Brad Feld,,,
Assembly Lines: The Book - A Beginner’s Guide to 6502 Programming on the Apple II,Printed Matter,Book,The Book - A Beginner’s Guide to 6502 Programming on the Apple II,Robert Wagner,,,Softalk Publishing,1982,English,Programming Guide,Library of Congress Catalog Card Number 81-85708,2013.10.71,Brad Feld,,,
WordStar with Style,Printed Matter,Book,WordStar with Style,"Roger B. White, Jr.",,,Reston Publishing Company,1983,English,Word Processing Guide,ISBN 0-8359-8793-0,2013.10.72,Brad Feld,,,
WordStar Made Easy,Printed Matter,Book,WordStar Made Easy,"Ettlin, Walter A.",,,Osborne/McGraw-Hill,1981,English,Word Processing Guide,ISBN 0-931988-69-1,2013.10.73,Brad Feld,,,
Beneath Apple DOS,Printed Matter,Book,Beneath Apple DOS,Don Worth and Pieter Lechner,,,Quality Software,1981,English,DOS--Guide,,2013.10.78,Brad Feld,,,
Nightcrawlers on the Web,Printed Matter,Book,Nightcrawlers on the Web,Johanna Drucker,,,JABBOOKS,2000,English,Artist Book,ISBN 1-8871-2342-3,2013.11.1,Matthew Kirschenbaum,//mediaarchaeologylab.com/wp-content/uploads/2013/09/Night-Crawlers-Reduced.pdf,,
Using 6502 Assembly Language: How Anyone Can Program the Apple II,Printed Matter,Book,How Anyone Can Program the Apple II,Randy Hyde,,,DATAMOST,1981,English,Programming Guide,,2013.12.11,Brad Feld,,,
SIMTEC - Kids Computer Kamp: A SIMTEC Programming Course for Young People,Printed Matter,Book,A SIMTEC Programming Course for Young People,Simtec,,,Simtec,1983,English,Computers--Children’s Guide,,2013.12.21,Brad Feld,Personal Productivity Courses (Spring Summer 1983),,
SIMTEC - Simplified Technology Course: Introductory VisiCalc for the Corporate Planner,Printed Matter,Book,Introductory Visicalc for the Corporate Planner,Eric Taylor and John Dunn,,,Simtec,1982,English,VisiCalc (Program)--Guide,,2013.12.22,Brad Feld,Personal Productivity Courses (Spring Summer 1983),,
SIMTEC - How to Operate Wordstar,Printed Matter,Book,SIMTEC - How to Operate WordStar,Simtec,,,Simtec,1983,English,WordStar (Program)--Guide,,2013.12.23,Brad Feld,Personal Productivity Courses (Spring Summer 1983),,
Apple Machine Language,Printed Matter,Book,Apple Machine Language,Don Inman and Kurt Inman,,,Reston Pubishing Co.,1981,,Apple Computer--Programming,ISBN 0-8359-0230-7,2013.12.3,Brad Feld,,,
How to Profit from Your Personal Computer,Printed Matter,Book,How to Profit from Your Personal Computer,T.G. Lewis,,,"Hayden Book Company, Inc. Rochelle Park, New Jersey",1978,English,Computers,ISBN 0-8104-5761-X,2013.12.4,Brad Feld,,,
Assembly Language Programming for the Apple Basic User,Printed Matter,Book,Assembly Language Programming for the Apple Basic User,W. J. Weller,,,Northern Technology Books,1981,English,Assembly Language Programming Guide,ISBN 0-930594-09-6,2013.12.6,Brad Feld,,,
Apple II User’s Guide,Printed Matter,Book,Apple II User’s Guide,"Lon Poole, Martin McNiff, and Steven Cook",,,Osborne/McGraw-Hill,1981,English,User’s Guide,ISBN 0-931988-46-2,2013.12.7,Brad Feld,,,
Programming for Poets: A Gentle Introduction Using FORTRAN with WATFIV,Printed Matter,Book,A Gentle Introduction Using FORTRAN with WATFIV,Richard Conway and James Archer,,,Winthrop Publishers,1978,English,FORTRAN (Computer Program Language),ISBN 0-87626-722-3,2013.12.92,,,,
Computers in the Humanities,Printed Matter,Book, Computers in the Humanities,,J. L. Mitchell,,U of Minnesota P,1974,English,Computers--Humanities,ISBN 0-8166-0731-1,2013.12.93,,,,
Statistics and Style,Printed Matter,Book,Statistics and Style,,Lubomír Doležel and Richard W. Bailey,,American Elsevier Publishing Company,1969,English,Linguistics--Statistical Analysis,SBN 444-00039-9,2013.12.94,,Mathematical Linguistics and Automatic Language Processing.,,
Shakespeare’s Grammatical Style: A Computer-Assisted Analysis of Richard II and Antony and Cleopatra,Printed Matter,Book,A Computer-Assisted Analysis of Richard II and Antony and Cleopatra,Dolores M. Burton,,,U of Texas P,1973,English,Shakespeare--Style,ISBN 0-292-77504-0,2013.12.96,,,,
Building Web Sites with Macromedia StudioMX,Printed Matter,Book,Building Web Sites with Macromedia StudioMX,"Tom Green, Jordan Chilcott, and Chris Flick",,,New Riders Publishing - David Dwyer,2003,English,Educational,0-7357-1272-7,2014.06.3,John Hopkins,,,
Editing Techniques with Final Cut Pro,Printed Matter,Book,Editing Techniques with Final Cut Pro,Michael Wohl,,,Peachpit Press,2002,English,Final Cut Pro,0-201-73483-4,2014.06.37,John Hopkins,,,
Final Cut Pro 3 for Macintosh,Printed Matter,Book,Final Cut Pro 3 for Macintosh,Lisa Brenneis,,,Peachpit Press,2002,English,Final Cut Pro,0-321-11583-X,2014.06.38,John Hopkins,,,
Wizards and Their Wonders: Portraits in Computing,Printed Matter,Book,Portraits in Computing,Louis Fabian Bachrach and Christopher Morgan,,,ACM Press,1997,English,Educational,ISBN 0-89791-960-2,2014.06.4,Hal Shear,,,
USB Explained,Printed Matter,Book,USB Explained,Steven McDowell and Martin Seyer,,,Prentice Hall PTR,1999,English,Educational,0-13-081153-X,2014.06.40,John Hopkins,,,
Hal’s Legacy: 2001’s Computer as Dream and Reality,Printed Matter,Book,2001’s Computer as Dream and Reality,,David G. Stork,,MIT Press,1997,English,Educational,ISBN 0-262-19378-7,2014.06.5,Hal Shear,,,
The Computer in Literary and Linguistic Studies,Printed Matter,Book,The Computer in Literary and Linguistic Studies,,Alan Jones and R. F. Churchhouse,,University of Wales Press,1976,English,Computers--Literature and Linguistics,ISBN 0-7083-0590-3,2014.07.1,,Proceedings of the Third International Symposium.,,
Computer Acronym Handbook,Printed Matter,Book,Computer Acronym Handbook,Donald D. Spencer,,,Prentice Hall Inc.,1974,English,Educational,ISBN 0-13-164863-2,2014.07.18,,,,
Bob Neill’s Book of Typewriter Art,Printed Matter,Book,Bob Neill’s Book of Typewriter Art,Bob Neill,,,Weavers Press Publishing,1982,English,Typewriter Art,ISBN 0 946017 01 8,2014.07.19,,,,
The Psychology of Computer Vision,Printed Matter,Book,The Psychology of Computer Vision,,Patrick Henry Winston,,Mcgraw-Hill Book Company,1975,English,Educational,ISBN 0-07-071048-1,2014.07.20,,,,
The Standard Data Encryption Algorithm,Printed Matter,Book,The Standard Data Encryption Algorithm,"Harry Katzan, JR.",,,"Petrocelli Books, Inc.",1977,English,Educational,ISBN 0-89433-016-0,2014.07.21,,,,
"Cybernetics, Art, and Ideas",Printed Matter,Book,"Cybernetics, Art, and Ideas",,Jasia Reichardt,,New York Graphic Society Ltd.,1971,English,Educational,SBN 8212-0431-9,2014.07.23,,,,
Instant Basic: 2nd Astounding Edition,Printed Matter,Book,2nd Astounding Edition,Jerald R. Brown,,,Dilithium Press,1982,English,Educational,ISBN 0-918398-57-6,2014.07.24,,,,
The First Artificial Intelligence Coloring Book,Printed Matter,Book,The First Artificial Intelligence Coloring Book,"Harold Cohen, Becky Cohen, and Penny Nii",,,"William Kaufmann, Inc.",1984,English,Art and Computers,ISBN 0-86576-060-8,2014.07.26,,,,
A How-To-Do-It Manual of Modern Business Procedures,Printed Matter,Book,A How-To-Do-It Manual of Modern Business Procedures,Sylvia. k. Mager,N. H and S.K. Mager,,"Washington Square Press, INC",1960,English,Reference,,2014.09.20,,"Damage to spine, worn pages, and back cover is missing",,
The Secretary’s Handbook,Printed Matter,Book,The Secretary’s Handbook,Sarah Augusta Tanitor and Kate M. Monro,Kate M. Monro,,"The Macmillan Company, New York",1958,English,Reference,,2014.09.21,,,,
Upgrading and Fixing Macs for Dummies,Printed Matter,Book,Upgrading and Fixing Macs for Dummies,Kearney Rietmann And Frank Higgens,,,"IDG Books Worldwide, Inc",1994,English,Reference,,2014.09.29,Don Witte,,,
Exploring the Internet: A Technical Travelogue,Printed Matter,Book,A Technical Travelogue,Carl Malamud,,,"Prentice-Hall, Inc.",1992,English,Technical Travelogue,0-13-296898-3,2014.09.56,Aaron Kuhn,,,
The Parent’s Microcomputer Handbook,Printed Matter,Book,The Parent’s Microcomputer Handbook,Eugene Galanter,,,Putnam Publishing Group,1983,English,Handbook,0-399-50749-3,2014.09.57,Aaron Kuhn,Notes,,
How to Get the Most Out of CompuServe,Printed Matter,Book,How to Get the Most Out of CompuServe,Charles Brown and David Peyton,,,"Bantram Books, Inc.",1984,English,How to Handbook,0-553-34123-5,2014.09.58,Aaron Kuhn,,,
"I’m Sorry, The Monopoly You Have Reached is Not in Service…",Printed Matter,Book,"I’m Sorry, The Monopoly You Have REached is Not in Service...",K. Aubrey Stone,,,"Ballantine Books, Inc.",1973,English,,345-03075-3-150,2014.09.59,Aaron Kuhn,,,
Que’s Little Mac Book 4th Edition,Printed Matter,Book,Que’s Little Mac Book 4th Edition,Doug White,Jane A. Cramer,,Lloyd J. Short,1992,English,Instructional,0-56529-074-7,2014.09.61,Don Witte,,,
Friendly Macintosh: Basic Information for the New User,Printed Matter,Book,Basic Information for the New User,Kay Yarborough Nelson,,,"Random House, Inc.",1993,English,Instructional,0-679-79191-4,2014.09.62,Don Witte,,,
Apple II Extended 80-Column Text Card (Box and Manuals),Printed Matter,Manuals,Apple II Extended 80-Column Text Card,,,,Apple Computers,1982,English,English,,2014.09.67,,,,
Apple II Super Serial Card (Box and Manuals),Printed Matter,Manuals,Apple II Super Serial Card,,,,Apple Computers,1985,English,Manual,,2014.09.68,,,,
Cooking With HyperTalk 2.0,Printed Matter,Book,Cooking With HyperTalk 2.0,Dan Winkler and Scott Knaster,,,Bantam Books,1990,English,HyperTalk (Program)--Guide,ISBN 0-553-34738-1,2014.1.112,Miekal And,Disk included.,,
The Waite Group’s Tricks of the HyperTalk Masters,Printed Matter,Book,The Waite Group’s Tricks of the HyperTalk Masters,,The Waite Group,,Hayden Books,1989,English,HyperTalk (Program)--Guide,ISBN 0-672-48431-5,2014.1.113,Miekal And,,,
HyperTalk 2.0: The Book,Printed Matter,Book,The Book,Dan Winkler and Scot Kamins,,,Bantam Books,1990,English,HyperTalk (Program)--Guide,ISBN 0-553-34737-3,2014.1.114,Miekal And,,,
Graphics File Formats,Printed Matter,Book,Graphics File Formats,David C. Kay and John R. Levine,,,Windcrest/McGraw-Hill,1995,English,Computer Graphics/File Formats,ISBN 0-07-034025-0,2014.1.139,Keith Moore,2nd Edition,,
Internet - Instant Reference,Printed Matter,Book,Internet - Instant Reference,Paul E. Hoffman,,,Sybex,1994,English,Internet--Pocket-Reference,ISBN 0-7821-1512-8,2014.1.240,Keith Moore,,,
The Micro Revolution Revisited,Printed Matter,Book,The Micro Revolution Revisited,Peter Large,,,Frances Pinter,1984,English,Computer and Civilization,ISBN 0-86187-511-7,2014.1.241,Keith Moore,,,
Vic Revealed,Printed Matter,Book, Vic Revealed,Nick Hampshire,,,Hayden Book Company,1982,English,Reference Manual,0-8104-1058-3,2014.10.10,Don Witte,,,
Understanding Data Communications,Printed Matter,Book,Understanding Data Communications," George E. Friends, John L. Fike",,,Howard W. Sams & Company,1986,English,,,2014.10.23,Don Witte,,,
Mastering Your Vic-20 Through Eight Basic Projects,Printed Matter,Book,Mastering Your Vic 20 Through Eight Basic Projects,"Phil Daley, Robert Tripp, Loren Wright",,,"The Computerist, Inc",1983,English,,0-938222-11-2,2014.10.24,Don Witte,,,
Digital Darkroom,Printed Matter,Book/ Software and manual,Digital Darkroom," Ed Bomke and Don Cone, John Gaffnew and Charlie Jackson",,,Silicon Beach Software,1988,English,,,2014.10.25,Don Witte,"Includes software floppy disk, and instruction manual",,
How to Program Your Programmable Calculator,Printed Matter,Book,How to Program Your Programmable Calculator," Stephen L Snover, Mark A. Spikell",,,"Prentice-Hall, Inc",1979,English, How to Guide,0-13-429365-7,2014.10.38,Don Witte,,,
Computing with the Scientific Calculator,Printed Matter,Book,Computing with the Scientific Calculator,Morton Rosenstein,,,CASIO,,English,Educational,SA04200061B,2014.10.42,,,,
Computing with the Scientific Calculator Revised,Printed Matter,Book,Computing with the Scientific Calculator Revised, Morton Rosenstein,,,CASIO,,English,,SA073900801A,2014.10.43,,,,
The 68HC11 Microcontroller,Printed Matter,Book,The 68HC11 Microcontroller, Joseph Greenfield,,,Saunders College Publishing,1992,English,,0-03-051588-2,2014.10.44,,,,
The 6800 Microprocessor,Printed Matter,Book,The 6800 Microprocessor, Jack Quinn,,,Macmillan Publishing Company,1992,English,,0-675-20515-8,2014.10.45,,,,
Inside the IBM PC,Printed Matter,Book,Access to Advanced Features and Programming,Peter Norton,,,Robert J. Brady Co.,1983,English,IBM Personal Computer--Programming,ISBN 0-89303-556-4,2014.2.1,Alan Bernheimer,,,
The Edison Disc Phonographs and the Diamond Discs,Printed Matter,Book,The Edison Disc Phonographs and the Diamond Discs, George L. Frow,,,"Mulholland Press, Inc.",2001,English,History,0960646634,2015.03.01,,,,
Working with Word for Windows,Printed Matter,Book,Working with Word for Windows, Russell Borland,,,Microsoft Press,1990,English,Word Processing Guide,1-55615-163-2,2015.10.05,,,,
The New Peter Norton Programmer’s Guide to the IBM PC & PS/2,Printed Matter,Book,The New Peter Norton Programmer’s Guide to the IBM PC & PS/2,Peter Norton and Richard Wilton,,,Microsoft Press,1985,English,Programming Guide,1-55615-131-4,2015.10.09,,,,
MS DOS: Advanced Programming,Printed Matter,Book,Advanced Programming, Michael J. Young,,,SYBEX,1988,English,Programing Guide,0-89588-578-6,2015.10.10,,,,
QuickBASIC 4.5,Printed Matter,Book,QuickBASIC 4.5,Gary Cornell,,,Windcrest Books,1991,English,Program Manual,0-8306-3782-6,2015.10.14,,,,
Your IBM PC,Printed Matter,Book,Your IBM PC, Lyle J. Graham,,,Osborne/McGraw-Hill,1983,English,User Guide,0-931988-85-3,2015.10.17,,Spine is completely split open; will have to repair with tape or get new binding.,,
Using MS-DOC 6.2,Printed Matter,Book,Using MS-DOC 6.2," Allen L. Wyatt, Sr.; Ed Tiley; and Jon Paisley",Corrine Walls,,Que Corporation,1993,English,User’s Guide and Reference,1-56529-646-x,2015.10.18,,,,
DOS for Dummies 2nd Edition,Printed Matter,Book,DOS for Dummies 2nd Edition, Dan Gookin,,,"IDG Books Worldwide, Inc.",1993,English,User guide and reference,1-878058-75-4,2015.10.19,,,,
The MS-DOS Encyclopedia,Printed Matter,Book,The MS-DOS Encyclopedia,,Ray Duncan,,Microsoft Press,1988,English,Reference Encyclopedia,1-55615-174-8,2015.11.01,,,,
Corel: WordPerfect Suite 7 Quick Results,Printed Matter,Book,WordPerfect Suite 7 Quick Results,,,,Corel Corporation Limited,1996,English,Manual,,2015.11.12,,,,
PC Learning Labs Teaches Windows 3.1,Printed Matter,Book,PC Learning Labs Teaches Windows 3.1, Richard P. Scott and Robert Nichols Kulik,Jan Jue,,Ziff-Davis Press,1993,English,Reference Guide,1-56276-051-3,2015.11.13,,,,
Programmer’s Guide to the IBM PC,Printed Matter,Book,Programmer’s Guide to the IBM PC,,,,Microsoft Press,1985,English,User’s Guide,0-14-087-144-6,2015.11.14,,,,
Understanding Your VIC,Printed Matter,Book,Understanding Your VIC, David E. Schultz,,,"Total Information Services, Inc.",1981,English,Guide,,2015.11.16,,,,
TRS-80 Color Computer: Assembly Language Programming,Printed Matter,Book,Assembly Language Programming," William Barden, Jr.",,,Radio Shack,1983,English,Guide,,2015.11.17,,,,
PC Computing: Customizing Windows 3.1,Printed Matter,Book,Customizing Windows 3.1, Paul Bonner,,,Ziff-Davis Press,1992,English,Guide,1-56276-018-1,2015.11.18,,,,
The Modem Reference: The Complete Guide to PC Communications,Printed Matter,Book,The Complete Guide to PC Communications,Michael A. Banks,,,Brady Publishing,1992,English,Reference Guide,1-56686-027-x,2015.11.19,,,,
Inside Windows,Printed Matter,Book,Inside Windows," Jim Boyce, et al.",,,New Riders Publishing,1994,English,Guide,1-56205-328-0,2015.11.21,,3.11 Edition,,
WordPerfect 6: Quick Reference,Printed Matter,Book,Quick Reference,"Margaret Hobbie, Bob Beck, and Gary Pickavet",Thomas F. Godfrey III,,David P. Ewing,1993,English,Reference Guide,1-56529-084-4,2015.11.24,,,,
Dvorak’s Guide to DOS and PC Performance,Printed Matter,Book,Dvorak’s Guide to DOS and PC Performance, John C. Dvorak and Nick Anis,,,"McGraw-Hill, Inc.",1991,English,Reference Guide,0-07-881658-0,2015.11.25,,,,
Power Graphics Programming,Printed Matter,Book,Power Graphics Programming,Michael Abrash,,,Elizabeth Oakley,1989,English,Programming Guide,0-88022-500-9,2015.11.26,,,,
Running Microsoft Windows 3.1,Printed Matter,Book,Running Microsoft Windows 3.1,Craig Stinson,,,Microsoft Press,1994,English,Reference Guide,1-55615-696-0,2015.11.27,,,,
Windows 3.1 Programmer’s Reference,Printed Matter,Book,Windows 3.1 Programmer’s Reference,James W. McCord,,,Que Corporation,1992,English,Reference Guide,0-88022-787-7,2015.11.28,,,,
The Happiest Days of Our Lives,Printed Matter,Book,The Happiest Days of Our Lives,Wil Wheaton,,,Subterranean Press,2009,English,Memoir,978-1-59606-244-3,2017.12.15,,"Deluxe hardcover edition in clamshell case, signed by the author",,
Medieval Hackers,Printed Matter,Book,Medieval Hackers,Kathleen E. Kennedy,,,Punctum Books,2015,English,Medieval Studies/Information Culture,9780692352465,2018.01.11,Eclipse Archive,Title page inscribed from donor,,
The New Hacker's Dictionary,Printed Matter,Book,The New Hacker's Dictionary,Eric S. Raymond,,,MIT Press,1994,English,Dictionary,0-262-68079-3,2018.01.12,,,,
Principles of Interactive Computer Graphics,Printed Matter,Book,Principles of Interactive Computer Graphics,"William M. Newman, Robert F. Sproull",,,McGraw-Hill Book Company,1979,English,Computer Science,0-07-046338-7,2018.01.13,,,,
X.25 and Related Protocols,Printed Matter,Book,X.25 and Related Protocols,Uyless Black,,,IEEE Computer Society Press,1991,English,Computer Networking,0-8186-8976-5,2018.01.14,,,,
The Open Book: A Practical Perspective on OSI,Printed Matter,Book,The Open Book: A Practical Perspective on OSI,Marshall T. Rose,,,Prentice Hall,1990,English,Computer Networking,0-13-643016-3,2018.01.15,,,,
Document Formatting and Typesetting on the UNIX System,Printed Matter,Book,Document Formatting and Typesetting on the UNIX System,Narain Gehani,,,Silicon Press,1986,English,Computerized Typesetting,0-9615336-0-9,2018.01.16,,,,
Smalltalk--80: The Interactive Programming Environment,Printed Matter,Book,Smalltalk--80: The Interactive Programming Environment,Adele Goldberg,,,Addison-Wesley Publishing Company,1984,English,Computer Science,0-201-11372-4,2018.01.17,,,,
Smalltalk--80: The Language and Its Implementation,Printed Matter,Book,Smalltalk--80: The Language and Its Implementation,Adele Goldberg and David Robson,,,Addison-Wesley Publishing Company,1983,English,Computer Science,0-201-11371-6,2018.01.18,,,,
Tricky Tasks for Beginning Typists,Printed Matter,Copy Master,Tricky Tasks for Beginning Typists,Eric Churchill,,,"J. Weston Walch, Publisher",1979,English,Typing Workbook,,2018.01.19,,Unbound sheaf in envelope,,
Personal Typing Projects,Printed Matter,Copy Master,Personal Typing Projects,June Dostal,,,"J. Weston Walch, Publisher",1982,English,Typing Workbook,,2018.01.20,,,,
50 Typing Picture Projects,Printed Matter,Copy Master,50 Typing Picture Projects,Winnifred Nichols,,,"J. Weston Walch, Publisher",1980,English,Typing Workbook,,2018.01.21,,,,
Technical Introduction to the Macintosh Family,Printed Matter,Book,Technical Introduction to the Macintosh Family,"Apple Computer, Inc.",,,Addison-Wesley Publishing Company,1992,English,Apple Technical,0-201-62215-7,2018.01.22,,,,
Kermit: A File Transfer Protocol,Printed Matter,Book,Kermit: A File Transfer Protocol,Frank da Cruz,,,Digital Press,1987,English,Computer Network Protocols,0-932376-88-6,2018.01.23,,,,
Folder of Computer Ephemera,Printed Matter,Ephemera,,Unknown,,,,,English,Ephemera,,2018.01.24,,,,
Folder of Internet Ephemera,Printed Matter,Ephemera,,Unknown,,,,,English,Ephemera,,2018.01.25,,,,
Folder of Noguska Ephemera,Printed Matter,Ephemera,,Unknown,,,,,English,Ephemera,,2018.01.26,,,,
Folder of PC History Ephemera,Printed Matter,Ephemera,,Unknown,,,,,English,Ephemera,,2018.01.27,,,,
IDEX Intro to Apple,Printed Matter,Binder,,,,,"IDEX Microsystems, Inc.",,English,Apple Computers,,2018.01.28,,,,
Assembly Lines: The Complete Book,Printed Matter,Book,Assembly Lines: The Complete Book,Roger Wagner,Chris Torrence,,Lulu Press,2017,English,A Beginner's Guide to 6502 Programming on the Apple II,978-1-312-08940-2,2018.04.01,Chris Torrence,,,
The First Artificial Intelligence Coloring Book,Printed Matter,Book,The First Artificial Intelligence Coloring Book,"Harold Cohen, Becky Cohen, Penny Nii",,,"William Kaufmann, Inc.",1984,English,Art and Computers,0-86576-060-8,2018.04.04,,,,
The Nuclear War Fun Book,Printed Matter,Book,The Nuclear War Fun Book,"Victor Langer, Walter Thomas, Illustrated by Brent Richardson",,,"Holt, Rinehart and Winston",1982,English,Humor,0-03-063396-6,2018.04.05,,,,
Whole Earth Catalog: access to tools,Printed Matter,Book,Whole Earth Catalog: access to tools,Whole Earth Catalog,,,"Portola Institute, Inc.",1970,English,Catalog,,2018.04.06,,,,
Cool Tools: A Catalog of Possibilities,Printed Matter,Book,Cool Tools: A Catalog of Possibilities,Kevin Kelly,,,KK,2013,English,Catalog,978-1-940689-00-5,2018.04.07,,,,
Iconic: A Photographic Tribute to Apple Innovation,Printed Matter,Book,Iconic: A Photographic Tribute to Apple Innovation,Jonathan Zufi,Shelley Holloway,,Ridgewood Publishing,2013,English,Art and Computers,0-9885817-0-8,2018.04.20,,"Special Edition book comes in slipcase with signed letter from author enclosed in an envelope with instructions for inserting book into custom case, and a single 8.5"" x 11"" fine print initialed by author. The slipcased book fits into custom form-fit book case designed like a floppy drive.",,
Robots: Machines in Man's image,Printed Matter,Book,Robots: Machines in Man's image,Isaac Asimov and Karen A. Frenkel,,,Harmony Books,1985,English,Robotics,0-517-55110-1,2018.04.55,,,,
The World of the Future Robots: Science & Medicine Into the 21st Century,Printed Matter,Book,The World of the Future Robots: Science & Medicine Into the 21st Century,Kenneth Gatland,,,Usborne Publishing,1979,English,Robotics,,2018.04.56,,,,
Selected Poems T.S. Eliot,Printed Matter,Book,Selected Poems T.S. Eliot,T.S. Eliot,,,A Harvest Book Harcourt Brace & Company,c1958,English,Poetry,0-15-680647-9,2018.09.35,,,,
Masters Of Doom: How Two Guys Created an Empire and Transformed Pop Culture,Printed Matter,Book,Masters Of Doom: How Two Guys Created an Empire and Transformed Pop Culture,David Kushner,,,Random House,2003,English,Computer Games History,0-375-50524-5,2018.10.03,,,,
Fire in the Mind: The 1970s Computer Decade,Printed Matter,Book,Fire in the Mind: The 1970s Computer Decade,Darrel Vandyke,,,CreateSpace,2016,English,Computer History,978-1533426604,2018.10.26,,,,
Artificial Intelligence: Making Machines “Think”,Printed Matter,Book,Making Machines “Think”,Neill Graham,,,Tab Books,1979,English,Artificial Intelligence,ISBN 0-8306-1076-6,2013.07.650,Aaron Kuhn,,,
A History of Video Games in 64 Objects,Printed Mattter,Book,A History of Video Games in 64 Objects,Jon-Paul Dyson and Jeremy Saucier,,,Dey Street Books,2018,English,Photo,62838695,2019.04.16,Brad Feld,,,
Sophistication & Simplicity: The Life and Times of the Apple II Computer,Printed Mattter,Book,Sophistication & Simplicity: The Life and Times of the Apple II Computer,Steven Weyhrich,,,Variant Press,2013,English,Computer History,978-0986832277,2019.04.17,Ken Gagne,Signed by author,,
An Illustrated History of 151 Video Games,Printed Mattter,Book,An Illustrated History of 151 Video Games,Simon Parkin,,,Lorenz Books,2014,English,Video Game History,754823903,2019.04.110,Brad Feld,,,
The Art of Computer Programming,Printed Mattter,Book,"Fundamental Algorithms, Vol. 1",Donald Knuth,,,Addison Wesley,2011,English,Technical Instruction,321751043,2019.04.111,Brad Feld,,,
The Art of Computer Programming,Printed Mattter,Book,"Seminumerical Algoritthms, Vol. 2",Donald Knuth,,,Addison Wesley,2011,English,Technical Instruction,321751043,2019.04.112,Brad Feld,,,
The Art of Computer Programming,Printed Mattter,Book,"Sorting and Searching, Vol. 3",Donald Knuth,,,Addison Wesley,2011,English,Technical Instruction,321751043,2019.04.113,Brad Feld,,,
The Art of Computer Programming,Printed Mattter,Book,"Combinatorial Algorithms, Part 1, Vol. 4",Donald Knuth,,,Addison Wesley,2011,English,Technical Instruction,321751043,2019.04.114,Brad Feld,,,
Break Out,Printed Mattter,Book,Break Out: How Apple II Launched the PC Gaming Revolution,David L. Craddock,,,Schiffer,2017,English,Computer History,764353225,2019.04.115,,,,
The Computer Book,Printed Mattter,Book,"The Computer Book: From the Abacus to Artificial Intelligence, 250 Milestones in the History of Computer Science ","Simson L Garfinkel, Rachel H. Grunspan",,,Sterling,2018,English,Computer History,145492621X,2019.04.116,,,,
The Source Digest,Printed Mattter,Book,The Source Digest,Cory Arcangel,,,Arcangel Surfware,2017,English,Artist Book,9780996636087,2019.04.117,,,,
Asynchronous Transfer Mode (ATM) Technical Overview,Printed Mattter,Book,Asynchronous Transfer Mode (ATM) Technical Overview,Harry J.R. Dutton and Peter Lenhard,,,Prentice Hall ,1995,English,Technical Instruction,0-13520445,2019.04.148,Dave Hartzell,,,
C Language Algorithms for Digital Signal Processing,Printed Mattter,Book,C Language Algorithms for Digital Signal Processing,Paul M. Embree and Bruce Kimble,,,Prentice Hall ,1991,English,Technical Instruction,0-131334069,2019.04.149,Dave Hartzell,Includes software disk for IBM PC,,
Transmission Systems for Communications,Printed Mattter,Book,Transmission Systems for Communications,"Members of the Technical Staff, Bell Telephone Laboratories",,,"Bell Telephone Laboratories, Incorporated",1964,English,Technical Instruction,,2019.04.150,Dave Hartzell,,,
The 8086/8088 Family,Printed Mattter,Book,"The 8086/8088 Family: Design, Programming and Interfacing",John Uffenbeck,,,Prentice Hall ,1987,English,Technical Instruction,0-132467526,2019.04.151,Dave Hartzell,,,
Cracking DES,Printed Mattter,Book,"Cracking DES: Secrets of Encryption Research, Wiretap Politics & Chip Design - How federal agencies subvert privacy",Electronic Frontier Foundation,,,"O'Reilly & Associates, Inc. ",1998,English,Computer Security,978-1565925205,2019.04.152,Dave Hartzell,,,
Programming and Customizing the Multicore Propellor Microcontroller,Printed Mattter,Book,Programming and Customizing the Multicore Propellor Microcontroller,"Parallax Inc.
",,,McGraw Hill,2010,English,Technical Instruction,978-0071664509,2019.04.153,Dave Hartzell,,,
The Victorian Internet,Printed Mattter,Book,The Victorian Internet: The Remarkable Story of the Telegraph and the Nineteenth Century's On-line Pioneers,Tom Standage,,,Bloomsbury USA,1998,English,Computer History,978-1620405925,2019.04.154,Dave Hartzell,,,
Digital Processing of Remotely Sensed Images,Printed Mattter,Book,Digital Processing of Remotely Sensed Images,Johannes G. Moik,,,U.S. Government Printing Office,1990,English,Technical Instruction,B07MG433WW,2019.04.155,Dave Hartzell,,,
The Gutenberg Galaxy,Printed Mattter,Book,The Gutenberg Galaxy,Marshall McLuhan,,,University of Toronto Press,2011,English,Media Theory,978-1442612693,2019.04.156,Dave Hartzell,Reprint of 1962 version with additional essays,,
Astronomy with your personal computer,Printed Mattter,Book,Astronomy with your personal computer,Peter Duffett-Smith,,,Cambridge University Press,1990,English,Technical Instruction,B010WESPD2,2019.04.157,Dave Hartzell,,,
High Performance Computing,Printed Mattter,Book,"High Performance Computing: RISC Architectures, Optimization & Benchmarks",Kevin Dowd & Charles Severance,,,"O'Reilly & Associates, Inc. ",1998,English,Technical Instruction,978-1565923126,2019.04.158,Dave Hartzell,,,
The Chicago Manual of Style,Printed Mattter,Book,The Chicago Manual of Style,,,University of Chicago Press,University of Chicago Press,2003,English,Engineering,0-226-10403-6,2019.04.159,Dave Hartzell,,,
123 PIC Microcontroller Experiments for the Evil Genius,Printed Mattter,Book,123 PIC Microcontroller Experiments for the Evil Genius,Myke Predko,,,McGraw Hill,2005,English,Technical Instruction,978-0-07-145142-0,2019.04.160,Dave Hartzell,,,
Seizing the Enigma,Printed Mattter,Book,Seizing the Enigma: The Race to Break the German U-Boat Codes 1939-1943,David Kahn,,,Houghton Mifflin Company,1991,English,Computer History,0-395-42739-8,2019.04.161,Dave Hartzell,,,
IBM and the Holocaust,Printed Mattter,Book,IBM and the Holocaust: the strategic alliance between Nazi Germany and America's most powerful corporation,Edwin Black,,,Dialog Presss,2009,English,Computer History,9780914153108,2019.04.162,Dave Hartzell,Signed by author,,
Essential Systsem Administration,Printed Mattter,Book,Essential System Administration,Æleen Frisch,,,"O'Reilly & Associates, Inc. ",1995,English,Technical Instruction,9781565921275,2019.04.163,Dave Hartzell,,,
A New Kind of Science,Printed Mattter,Book,A New Kind of Science,Stephen Wolfram,,,"Wolfram Media, Inc. ",2002,English,Computer Theory,978-1579550080,2019.04.164,Dave Hartzell,,,
Future Stuff,Printed Mattter,Book,Future Stuff,Malcolm Abrams & Harriet Bernstein,,,Penguin Books,1989,English,Futurology,0-14-012639-2,2019.07.01,,Very fun,,
24 Hours in Cyberspace,Printed Mattter,Book,24 Hours in Cyberspace,Rick Smolan & Jennifer Erwitt,,,Que Macmillan Publishing,1996,English,Artist Book  / Communications,0-7897-0925-2,2019.07.02,,Includes an archival CD of all of the images as well as a press pass that says Andy Brandt Discovery Press,,
The History of Computers,Printed Mattter,Book,The History of Computers,Les Freed,,,Ziff-Davis Press Publishing Company,1995,English,Computer History,1-56276-275-3,2019.07.03,,,,
COMPUTE!'s First Book of Apple,Printed Mattter,Book,COMPUTE!'S First Book of Apple,,,,"COMPUTE! Publications, inc.",1984,English,Technical Instruction,0-942386-69-8,2019.07.04,,Collection of Programs,,
COMPUTE!'S Kids and the Apple,Printed Mattter,Book,COMPUTE!'S Kids and the Apple,Edward H. Carlson,Paul D. Trap,COMPUTE! Books ,"COMPUTE! Publications, inc.",1984,English,Technical Instruction - Children,0-942386-76-0,2019.07.05,,Collection of Programs,,
Assembly Lines: The Book,Printed Mattter,Book,Assembly Lines: The Book A beginner's Guide to 6502 Programming on the Apple II,Roger Wagner,,,Softalk Publishing Inc.,1982,English,Technical Instruction ,81-85708,2019.07.07,,"6502 Programming, first 15 installments of Softalk magazine articles",,
Intermediate Apple,Printed Mattter,Book,Intermediate Apple,Bill Parker,Robert J. Peters,,"Datamost, inc. ",1984,English,Technical Instruction ,0-88190-241-1,,,,,
Game Over,Printed Mattter,Book,Game Over: The Games We Loved to Play and the Consoles Time Forgot,Dan Whitehead,,Kirsty Walters,Studio Press Books,2017,English,Video Game History,978-1-78741-095-4,2019.09.02,,,,
Rules of Play,Printed Mattter,Book,Rules of Play: Game Design Fundamentals,"Katie Salen , Eric Zimmerman",,,The MIT Press,2004,English,Computer games - design,978-0-262-24045-1,2019.09.03,,,,
Using 6502 Assembly Language: How Anyone Can Program the Apple II,Printed Mattter,Book,Using 6502 Assembly Language: How Anyone Can Program the Apple II,Randy Hyde,,,"Datamost, inc. ",1981,English,Technical Instruction,,2019.10.06,Chris Torrence (KansasFest 2019),,,
The Big Tip Book for the Apple II Series,Printed Mattter,Book,The Big Tip Book for the Apple II Series,"Bert Kersey & Bill Sanders , Beagle Bros Micro Software Inc.",,,Bantam Computer books,1986,English,Technical Instruction,0-553-34280-0,"2019.12.04,2019.12.05",,,,
Understanding Electricity and Electronics,Printed Mattter,Book,The TAB Electronics Guide to Understanding Electricity and Electronics,G. Randy Slone,,,TAB Books an imprint of McGraw-Hill,1996,English,Science - Electronics,0-07-058215-7,2019.12.06,,,,
The Endless Apple,Printed Matter,Book,The Endless Apple: How to maintain state-of-the-art performance on your Apple II and IIe,Charles Rubin,Rick van Genderen,,Microsoft Press A Division of Microsoft Corporation,1984,English,Peripheral Technology for the Apple II,0-914845-27-b,2019.12.07,,,,
The Adventure Companion,Printed Matter,Book,"The Adventure Companion: Hints, Maps, and Solutions to Wizard and the Princess, Zork I, Adventureland, Transylvania, and Planetfall",Gary Borders,,Michael McGrath and Mary Picklum,"Hayden Book Company a division of Hayden Publishing Company, Inc. ",1985,English,Guide - Computer Games,,2019.12.08,,,,
Celestial Basic,Printed Matter,Book,Celestial Basic: Astronomy on your Computer,Eric Burgess,,,Celestial Basic: Astronomy on Your Computer,1982,English,Manual - BASIC,,2019.12.09,,,,
Adventure Games,Printed Matter,Book,COMPUTE!'s Guide to Adventure Games,Gary McGath,,,"COMPUTE! Publications, Inc. of the ABC Publishing Companies",1984,English,Manual - Computer Games,,2019.12.10,,,,
Popular Electronics Feb 1992,Printed Matter,Magazine,Popular Electronics,,,,Gernsback Publications,1992,English,Periodical,7189648784,2019.12.14,Steven Sprouse,,,
New York Times Business section,Printed Matter,Newspaper,New York Times Business section,,,,New York Times,1992,English,Newspaper,19 Jan 1992,2019.12.15,Steven Sprouse,article on cluster computing with David Gelernter,,
