Title,Medium,Type,Title,Author,Editor,Translator,Publisher,Year,Language,Genre,ISBN / Identifying Number,Accession Number,Donor,Notes
[Starfleet Command (User Manual)],Printed Matter,Manual,Starfleet Command (User Manual),,,N/A,,,English,,,2013.07.878,,In legal folder.
[The Three Stooges (User Manual)],Printed Matter,Manual,The Three Stooges (User Manual),,,N/A,,,English,,,2013.07.863,,
[Ultima IV (User Manual)],Printed Matter,Manual,Ultima IV (User Manual),,,N/A,,,English,,,2013.07.871,,In legal folder.
[],Printed Matter,,,,,N/A,,,English,,, 2013.08.8,Aaron Kuhn,
[],Printed Matter,,,,,N/A,,,English,,,2013.08.9,Aaron Kuhn,
[],Printed Matter,,,,,N/A,,,English,,,2013.08.10,Aaron Kuhn,
[],Printed Matter,Book,,,,,,,English,Instructional,,2013.07.599,,
[],Printed Matter,Book,,,,,,,English,Instructional,,2013.07.600,,
[],Printed Matter,,,,,,,,,Instructional,,2013.07.631,,
[],Printed Matter,,,,,,,,,Instructional,,2013.07.633,,
[],Printed Matter,,,,,,,,,Instructional,,2013.07.634,,
[],Printed Matter,,,,,,,,,Instructional,,2013.07.635,,
[],Printed Matter,,,,,,,,,Instructional,,2013.07.636,,
[],Printed Matter,,,,,,,,,Instructional,,2013.07.641,,
[],Printed Matter,,,,,,,,,Instructional,,2013.07.642,,
[],Printed Matter,,,,,,,,,Instructional,,2013.07.643,,
[],Printed Matter,,,,,,,,,Instructional,,2013.07.644,,
[],Printed Matter,,,,,,,,,Instructional,,2013.07.645,,
[],Printed Matter,,,,,,,,,Instructional,,2013.07.653,,
[],Printed Matter,,,,,,,,,Instructional,,2013.07.654,,
[],Printed Matter,,,,,,,,,Instructional,,2013.07.657,,
[],Printed Matter,,,,,,,,,Instructional,,2013.07.680,,
[],Printed Matter,,,,,,,,,Instructional,,2013.07.681,,
[],Printed Matter,,,,,,,,,Instructional,,2013.07.682,,
[],Printed Matter,,,,,,,,,Instructional,,2013.07.684,,
[],Printed Matter,,,,,,,,,Instructional,,2013.07.685,,
[],Printed Matter,,,,,,,,,Instructional,,2013.07.686,,
[],Printed Matter,,,,,,,,,Instructional,,2013.07.688,,
[],Printed Matter,,,,,,,,,Instructional,,2013.07.691,,
[],Printed Matter,,,,,,,,,Instructional,,2013.07.694,,
[],Printed Matter,,,,,,,,,Instructional,,2013.07.695,,
[],Printed Matter,,,,,,,,,Instructional,,2013.07.697,,
[],Printed Matter,,,,,,,,,Instructional,,2013.07.698,,
[],Printed Matter,,,,,,,,,Instructional,,2013.07.699,,
[],Printed Matter,,,,,,,,,Instructional,,2013.07.700,,
[],Printed Matter,,,,,,,,,Instructional,,2013.07.701,,
[],Printed Matter,,,,,,,,,Instructional,,2013.07.702,,
[],Printed Matter,,,,,,,,,Instructional,,2013.07.703,,
[],Printed Matter,,,,,,,,,Instructional,,2013.07.704,,
[],Printed Matter,,,,,,,,,Instructional,,2013.07.705,,
[],Printed Matter,,,,,,,,,Instructional,,2013.07.706,,
[],Printed Matter,,,,,,,,,Instructional,,2013.07.707,,
[],Printed Matter,,,,,,,,,Instructional,,2013.07.708,,
[],Printed Matter,,,,,,,,,Instructional,,2013.07.709,,
[],Printed Matter,,,,,,,,,Instructional,,2013.07.710,,
[],Printed Matter,,,,,,,,,Instructional,,2013.07.711,,
[],Printed Matter,,,,,,,,,Instructional,,2013.07.712,,
[],Printed Matter,,,,,,,,,Instructional,,2013.07.713,,
[],Printed Matter,,,,,,,,,Instructional,,2013.07.714,,
[],Printed Matter,,,,,,,,,Instructional,,2013.07.716,,
[],Printed Matter,,,,,,,,,Instructional,,2013.07.717,,
[],Printed Matter,,,,,,,,,Instructional,,2013.07.719,,
[],Printed Matter,,,,,,,,,Instructional,,2013.07.720,,
[],Printed Matter,,,,,,,,,Instructional,,2013.07.721,,
[],Printed Matter,,,,,,,,,Instructional,,2013.07.722,,
[],Printed Matter,,,,,,,,,Instructional,,2013.07.723,,
[],Printed Matter,,,,,,,,,Instructional,,2013.07.724,,
[],Printed Matter,,,,,,,,,Instructional,,2013.07.725,,
[],Printed Matter,,,,,,,,,Instructional,,2013.07.726,,
[],Printed Matter,,,,,,,,,Instructional,,2013.07.727,,
[],Printed Matter,,,,,,,,,Instructional,,2013.07.728,,
[],Printed Matter,,,,,,,,,Instructional,,2013.07.730,,
[],Printed Matter,,,,,,,,,,,2013.07.759,,
[],Printed Matter,,,,,,,,,,,2013.07.825,,
[],Printed Matter,,,,,,,,,,,2013.07.826,,
[],Printed Matter,,,,,,,,,,,2013.07.827,,
[],Printed Matter,,,,,N/A,,,English,,,2013.07.855,,
[],Printed Matter,,,,,N/A,,,English,,,2013.07.857,,
[],Printed Matter,,,,,N/A,,,English,,,2013.07.859,,
[],Printed Matter,,,,,N/A,,,English,,,2013.07.866,,
[TV Sports: Football (User’s Manual)],Printed Matter,Manual,Football (User’s Manual),,,N/A,,,English,,,2013.07.868,,
[],Printed Matter,,,,,N/A,,,English,,,2013.07.872,,
[],Printed Matter,,,,,N/A,,,English,,,2013.07.874,,
[],Printed Matter,,,,,N/A,,,English,,,2013.07.885,,
[],Printed Matter,,,,,N/A,,,English,,,2013.07.887,,
[],Printed Matter,,,,,N/A,,,English,,,2013.07.893,,
[],Printed Matter,,,,,N/A,,,English,,,2013.07.894,,
[],Printed Matter,,,,,N/A,,,English,,,2013.08.1,,
[],Printed Matter,Bound Book,,,,N/A,,,English,,,2013.08.2,,
[],Printed Matter,,,,,N/A,,,English,,, 2013.08.3,,
[],Printed Matter,,,,,N/A,,,English,,, 2013.08.4,,
[],Printed Matter,,,,,N/A,,,English,,, 2013.08.5,,
[],Printed Matter,,,,,N/A,,,English,,, 2013.08.6,,
[],Printed Matter,,,,,N/A,,,English,,, 2013.08.7,,
[Pin “Ask me about INTERnet”],Printed Matter,Pin,,,,N/A,,,English,,,2013.12.114,Kenneth Kuhn,
[Pin: “I heart Nonstop”],Printed Matter,Pin,,,,N/A,,,English,,,2013.12.115,No Donor Listed,25 year anniversary XYPRO
[],Printed Matter,Pin,,,,N/A,,,English,,,2013.12.116,Kenneth Kuhn,
[],Printed Matter,Pin,,,,N/A,,,English,,,2013.12.117,Kenneth Kuhn,
[],Printed Matter,Pin,,,,N/A,,,English,,,2013.12.118,Kenneth Kuhn,
[],Printed Matter,Pin,,,,N/A,,,English,,,2013.12.119,Kenneth Kuhn,
[],Printed Matter,Pin,,,,N/A,,,English,,,2013.12.120,Kenneth Kuhn,
[],Printed Matter,Pin,,,,N/A,,,English,,,2013.12.121,Kenneth Kuhn,
[],Printed Matter,Pin,,,,N/A,,,English,,,2013.12.122,Kenneth Kuhn,
[],Printed Matter,Pin,,,,N/A,,,English,,,2013.12.123,Kenneth Kuhn,
